modelo,representacao,protocolo_features,subset_features,variante,features_usadas,n_features,thr,f1,precision,recall,false_alarm_rate,accuracy,balanced_accuracy,mcc,avg_precision,objective_score,tp,fp,fn,tn
ANN (MLP),composite,legacy,legacy_mv,mlp,"js, fro, d_js, d_fro, rare",5,0.5,0.8476941747572817,0.8516561674456411,0.8437688745721764,0.009348906306029404,0.9818665639185561,0.9172099841330735,0.8380640285557103,0.9071557670877035,1.0737245535834399,4191.0,730.0,776.0,77354.0
ANN (MLP),len,legacy,legacy_mv,mlp,"js, fro, d_js, d_fro, rare",5,0.5,0.843250752489002,0.9921002451648052,0.7332393799073887,0.00037139490804774343,0.9836967646385956,0.8664339924996705,0.8454854087284936,0.782240334235387,1.059729262396103,3642.0,29.0,1325.0,78055.0
KAN (pykan),len,legacy,legacy_mv,"width=[5,8,2],grid=3,k=3,steps=25","js, fro, d_js, d_fro, rare",5,0.5,0.8369324150811254,0.9958333333333333,0.7217636400241595,0.00019210081450745352,0.9831790104875318,0.860785769604826,0.8402462196406528,0.7942677844141436,1.0520616221972543,3585.0,15.0,1382.0,78069.0
Random Forest,composite,legacy,legacy_mv,rf,"js, fro, d_js, d_fro, rare",5,0.5,0.8275233076611268,0.8330952866761885,0.822025367425005,0.010475897751139798,0.979506568253242,0.9057747348369326,0.8166505562973924,0.9048593535655081,1.050300427157461,4083.0,818.0,884.0,77266.0
ANN (MLP),len,legacy,legacy_univar_fro,mlp,fro,1,0.5,0.8281876031110063,0.9985791418016482,0.7074692973625931,6.403360483581784e-05,0.9824445220406738,0.8537026318788786,0.8327522371919753,0.7685354656548539,1.0415908493190333,3514.0,5.0,1453.0,78079.0
KAN (pykan),len,legacy,legacy_univar_fro,"width=[1,8,2],grid=3,k=3,steps=25",fro,1,0.5,0.8260458520444339,1.0,0.70364405073485,0.0,0.9822759509217228,0.851822025367425,0.8310383523301692,0.7680921293540243,1.0390013583862903,3495.0,0.0,1472.0,78084.0
ANN (MLP),composite,legacy,legacy_univar_fro,mlp,fro,1,0.5,0.8188302425106991,0.9997097242380262,0.693376283470908,1.2806720967163568e-05,0.9816498296227619,0.8466817383749704,0.8245586526440803,0.7754118752667466,1.0304961947521032,3444.0,1.0,1523.0,78083.0
KAN (pykan),composite,legacy,legacy_univar_fro,"width=[1,8,2],grid=3,k=3,steps=25",fro,1,0.5,0.8172401476366234,1.0,0.6909603382323334,0.0,0.9815173808864432,0.8454801691161666,0.8231883711024836,0.7631875602590826,1.028610189915665,3432.0,0.0,1535.0,78084.0
KAN (pykan),composite,legacy,legacy_univar_js,"width=[1,8,2],grid=3,k=3,steps=25",js,1,0.5,0.7952892275718739,0.932322685435842,0.693376283470908,0.0032016802417908917,0.9786516718642762,0.8450873016145586,0.7938638286840196,0.7934927850341758,1.0054404648908868,3444.0,250.0,1523.0,77834.0
KAN (pykan),composite,legacy,legacy_mv,"width=[5,8,2],grid=3,k=3,steps=25","js, fro, d_js, d_fro, rare",5,0.5,0.7922845356227004,0.8878060969515242,0.7153211193879605,0.0057502177142564415,0.9775680003853054,0.854785450836852,0.7856645749743617,0.793305691822359,1.0039683221319238,3553.0,449.0,1414.0,77635.0
ANN (MLP),composite,current,current_geom_4,mlp,"js, fro, cos, euclid",4,0.5,0.7934124485347542,0.9954421148587056,0.6595530501308637,0.00019210081450745352,0.9794584050763988,0.8296804746581781,0.8014839226320937,0.8112422811971233,1.0007653319142211,3276.0,15.0,1691.0,78069.0
ANN (MLP),composite,legacy,legacy_univar_js,mlp,js,1,0.5,0.7903575916828516,0.9136291600633915,0.6963962150191262,0.004187797756262487,0.9779051426232074,0.8461042086314319,0.7869260923985735,0.7942563225423838,1.0004179146260177,3459.0,327.0,1508.0,77757.0
KAN (pykan),len,legacy,legacy_univar_js,"width=[1,8,2],grid=3,k=3,steps=25",js,1,0.5,0.7760671798460461,0.9223731632935958,0.6698208173948057,0.003585881870805799,0.9768816751152906,0.8331174677619999,0.775089557826436,0.7534522248320413,0.9830914881317641,3327.0,280.0,1640.0,77804.0
ANN (MLP),len,legacy,legacy_univar_js,mlp,js,1,0.5,0.7730575052333457,0.9952441344324667,0.6319710086571371,0.00019210081450745352,0.9778088162695211,0.8158894539213148,0.7837853620365051,0.7503416213421945,0.9769626334285968,3139.0,15.0,1828.0,78069.0
ANN (MLP),composite,current,current_full_6,mlp,"js, fro, rare, cos, euclid, avg_pool",6,0.5,0.7679054885552548,0.9876543209876543,0.628145762029394,0.0004994621177193792,0.9772910621184573,0.8138231499558373,0.7780663257120062,0.7796636112939743,0.9711864643030123,3120.0,39.0,1847.0,78045.0
TEDA,composite,legacy,legacy_mv,legacy_mv,"js, fro, d_js, d_fro, rare",5,2.2,0.7571625172025522,1.0,0.6092208576605597,0.0,0.9766288184368641,0.8046104288302798,0.7710021104316924,0.8156942890752881,0.9583151244101222,3026.0,0.0,1941.0,78084.0
TEDA,len,legacy,legacy_mv,legacy_mv,"js, fro, d_js, d_fro, rare",5,2.4,0.748393599596825,1.0,0.5979464465472116,0.0,0.97595453396106,0.7989732232736058,0.7635674861498339,0.7627650162644202,0.9481369054152264,2970.0,0.0,1997.0,78084.0
TEDA,len,legacy,legacy_univar_js,legacy_univar_js,js,1,2.4,0.7382192302807062,1.0,0.5850614052748138,0.0,0.9751839231315698,0.7925307026374069,0.7549940599521868,0.7521639768204117,0.936351905940058,2906.0,0.0,2061.0,78084.0
TEDA,composite,legacy,legacy_univar_fro,legacy_univar_fro,fro,1,2.6,0.7333928343746016,1.0,0.5790215421783773,0.0,0.9748226993052461,0.7895107710891887,0.7509463365430326,0.7754118745255162,0.9307705271468987,2876.0,0.0,2091.0,78084.0
TEDA,composite,legacy,legacy_univar_js,legacy_univar_js,js,1,2.0,0.7281553398058253,0.916590284142988,0.6039863096436481,0.003496234824035654,0.973028620967839,0.8002450374098062,0.7318454296852728,0.7917924621829202,0.9269929169698643,3000.0,273.0,1967.0,77811.0
XGBoost,composite,legacy,legacy_mv,xgb,"js, fro, d_js, d_fro, rare",5,0.5,0.7096455883562207,0.599805393383375,0.8687336420374472,0.03687054966446391,0.9574839556417142,0.9159315461864916,0.7012888181448554,0.8858918603891374,0.9257237825202812,4315.0,2879.0,652.0,75205.0
Random Forest,composite,current,current_geom_4,rf,"js, fro, cos, euclid",4,0.5,0.7170236753100337,0.7302713987473904,0.7042480370444937,0.01654628348957533,0.9667553671840194,0.8438508767774592,0.6995001065282491,0.6602503486889784,0.9221951952830472,3498.0,1292.0,1469.0,76792.0
ANN (MLP),idle,legacy,legacy_univar_js,mlp,js,1,0.5,0.7231971307800691,0.9940140845070422,0.5683511173746728,0.00021771425644178063,0.9739798437104912,0.7840667015591155,0.7413141589400709,0.652047849458059,0.9191376061800933,2823.0,17.0,2144.0,78067.0
KAN (pykan),idle,legacy,legacy_univar_js,"width=[1,8,2],grid=3,k=3,steps=25",js,1,0.5,0.7224861949402851,0.9975177304964539,0.5663378296758607,8.964704677014497e-05,0.9739798437104912,0.7831240913145452,0.7413772767360702,0.6432885735731406,0.9182358413025519,2813.0,7.0,2154.0,78077.0
TEDA,len,legacy,legacy_univar_fro,legacy_univar_fro,fro,1,3.0,0.7195153390048982,1.0,0.5619085967384739,0.0,0.9737992317973293,0.780954298369237,0.7393741912683778,0.7683433515161309,0.9147539135972074,2791.0,0.0,2176.0,78084.0
KAN (pykan),len,current,current_geom_4,"width=[4,8,2],grid=3,k=3,steps=25","js, fro, cos, euclid",4,0.5,0.7164063508454886,0.9982014388489209,0.5586873364203745,6.403360483581784e-05,0.9735463751189029,0.7793116514077694,0.7364536517102155,0.6868715828093883,0.9112118519357385,2775.0,5.0,2192.0,78079.0
ANN (MLP),idle,legacy,legacy_mv,mlp,"js, fro, d_js, d_fro, rare",5,0.5,0.7157334684570561,0.9651520327980868,0.5687537749144352,0.0013062855386506839,0.9729804577909958,0.7837237446878923,0.7297281717760544,0.7017371993278668,0.9112072046905014,2825.0,102.0,2142.0,77982.0
Random Forest,composite,current,current_full_6,rf,"js, fro, rare, cos, euclid, avg_pool",6,0.5,0.7018633540372672,0.7223524398039634,0.6825045298973224,0.01668715742021413,0.9653225126729359,0.8329086862385542,0.6837798215484985,0.6332312785404015,0.9042500204998308,3390.0,1303.0,1577.0,76781.0
Random Forest,idle,legacy,legacy_mv,rf,"js, fro, d_js, d_fro, rare",5,0.5,0.704534253326762,0.9079072721498889,0.5755989530903967,0.0037139490804774344,0.9711261754825349,0.7859425020049596,0.7100217614583593,0.6803843778685408,0.8997199966498348,2859.0,290.0,2108.0,77794.0
ANN (MLP),idle,current,current_geom_4,mlp,"js, fro, cos, euclid",4,0.5,0.705761316872428,0.9768600925596298,0.5524461445540568,0.0008324368628656319,0.9724506628457213,0.7758068538455956,0.7235797667909902,0.6320358220668905,0.899421677431824,2744.0,65.0,2223.0,78019.0
ANN (MLP),idle,current,current_full_6,mlp,"js, fro, rare, cos, euclid, avg_pool",6,0.5,0.7039120429557659,0.9642732049036777,0.5542581034829878,0.0013062855386506839,0.9721135206078193,0.7764759089721686,0.719674287897176,0.6252959264300302,0.8975738202602803,2753.0,102.0,2214.0,77982.0
ANN (MLP),idle,current,current_pair_cos_euclid,mlp,"cos, euclid",2,0.5,0.7004513217279174,0.9741750358680057,0.5468089389973827,0.0009220839096357768,0.9720292350483438,0.7729434275438735,0.7186652805252253,0.6210275884671073,0.8933644492455132,2716.0,72.0,2251.0,78012.0
Random Forest,idle,current,current_full_6,rf,"js, fro, rare, cos, euclid, avg_pool",6,0.5,0.6989071724657706,0.9291917167668671,0.560096637809543,0.002715024845038676,0.9711382162767456,0.7786908064822522,0.7090146201251173,0.6131743346490419,0.8926296153905702,2782.0,212.0,2185.0,77872.0
KAN (pykan),composite,current,current_full_6,"width=[6,8,2],grid=3,k=3,steps=25","js, fro, rare, cos, euclid, avg_pool",6,0.5,0.6991828396322778,0.9556719022687609,0.5512381719347694,0.0016264535628297732,0.9716318888393879,0.7748058591859699,0.7141221473488393,0.7076969978356411,0.8923150456817799,2738.0,127.0,2229.0,77957.0
Random Forest,idle,current,current_geom_4,rf,"js, fro, cos, euclid",4,0.5,0.6981488477521723,0.9320780094149294,0.5580833501107308,0.0025869576353670406,0.9711382162767456,0.7777481962376819,0.7088999895891142,0.6104525925668556,0.8916804616392143,2772.0,202.0,2195.0,77882.0
KAN (pykan),idle,current,current_full_6,"width=[6,8,2],grid=3,k=3,steps=25","js, fro, rare, cos, euclid, avg_pool",6,0.5,0.696576763485477,0.9785063752276867,0.5407690759009463,0.0007555965370626505,0.9718245415467605,0.7700067396819418,0.7162877686820924,0.6359524570563184,0.8888139896179906,2686.0,59.0,2281.0,78025.0
KAN (pykan),composite,current,current_geom_4,"width=[4,8,2],grid=3,k=3,steps=25","js, fro, cos, euclid",4,0.5,0.694152923538231,0.9147184721764899,0.5592913227300181,0.003316940730495364,0.9705241357719955,0.7779871909997613,0.7023886744724587,0.7108304079161194,0.887488792032498,2778.0,259.0,2189.0,77825.0
ANN (MLP),len,current,current_full_6,mlp,"js, fro, rare, cos, euclid, avg_pool",6,0.5,0.6919132149901379,0.9973464746019712,0.5296959935574793,8.964704677014497e-05,0.9717884191641281,0.7648031732553546,0.7161116831723001,0.6460313103447969,0.883082631837607,2631.0,7.0,2336.0,78077.0
ANN (MLP),composite,current,current_pair_cos_euclid,mlp,"cos, euclid",2,0.5,0.6890274314214464,0.9050114641336391,0.5562713911817999,0.0037139490804774344,0.9699702592382994,0.7762787210506612,0.6963099034055972,0.7203754270325635,0.8817972295059446,2763.0,290.0,2204.0,77794.0
ANN (MLP),len,current,current_geom_4,mlp,"js, fro, cos, euclid",4,0.5,0.6896642182581321,0.9894617990214528,0.5292933360177169,0.0003585881870805799,0.97151148089728,0.7644673739153182,0.7127260113609808,0.6463663503675886,0.8806555558714834,2629.0,28.0,2338.0,78056.0
KAN (pykan),idle,current,current_geom_4,"width=[4,8,2],grid=3,k=3,steps=25","js, fro, cos, euclid",4,0.5,0.6840390879478827,0.9693500738552437,0.528488020938192,0.001062957840274576,0.9708010740388436,0.7637125315489588,0.7041910771250474,0.6203430093285812,0.8745951855910263,2625.0,83.0,2342.0,78001.0
Random Forest,composite,current,current_pair_cos_euclid,rf,"cos, euclid",2,0.5,0.6701451475192107,0.6336562612127736,0.711093215220455,0.026151324214948004,0.9581341585290966,0.8424709455027535,0.6491005164234827,0.6346909778530232,0.8716099204196673,3532.0,2042.0,1435.0,76042.0
Random Forest,idle,current,current_pair_cos_euclid,rf,"cos, euclid",2,0.5,0.6746666666666667,0.8477002741395065,0.5602979665794242,0.006403360483581783,0.96768250833825,0.7769473030479213,0.674070699043704,0.6069362956853744,0.8666623162593934,2783.0,500.0,2184.0,77584.0
KAN (pykan),idle,current,current_pair_cos_euclid,"width=[2,8,2],grid=3,k=3,steps=25","cos, euclid",2,0.5,0.6716259298618491,0.9871144084342054,0.5089591302597141,0.0004226217919163977,0.9702351567109366,0.7542682542338988,0.6975486304634992,0.6047336397467329,0.860045075793153,2528.0,33.0,2439.0,78051.0
KAN (pykan),idle,current,current_pair_rare_avg_pool,"width=[2,8,2],grid=3,k=3,steps=25","rare, avg_pool",2,0.5,0.6668428005284016,0.9696504033807145,0.5081538151801892,0.0010117309564059219,0.9696331170003973,0.7535710421118916,0.6901810766361974,0.5972969172241825,0.8548814552216325,2524.0,79.0,2443.0,78005.0
TEDA,idle,legacy,legacy_univar_js,legacy_univar_js,js,1,1.8,0.664066702528241,1.0,0.4970807328367224,0.0,0.9699220960614562,0.7485403664183612,0.694025568117878,0.6455716429110225,0.8512017941328313,2469.0,0.0,2498.0,78084.0
Random Forest,composite,legacy,legacy_univar_js,rf,js,1,0.5,0.6499144375394038,0.5880052151238592,0.7263942017314274,0.0323753906049895,0.9531974329026742,0.8470094055632189,0.629145581273409,0.7426707056553723,0.8503354022184623,3608.0,2528.0,1359.0,75556.0
Random Forest,composite,legacy,legacy_univar_fro,rf,fro,1,0.5,0.6498649864986499,0.5876607520755331,0.7267968592711899,0.03243942420982532,0.9531613105200419,0.8471787175306823,0.6291224456968307,0.7533980805642494,0.8503058674078816,3610.0,2533.0,1357.0,75551.0
KAN (pykan),idle,current,current_pair_js_fro,"width=[2,8,2],grid=3,k=3,steps=25","js, fro",2,0.5,0.6626873590661891,0.9712286158631416,0.5029192671632776,0.000947697351570104,0.9693802603219709,0.7509857849058538,0.6871166292728554,0.59992835016958,0.850102111219603,2498.0,74.0,2469.0,78010.0
ANN (MLP),idle,current,current_univar_avg_pool,mlp,avg_pool,1,0.5,0.6620545620676153,0.941351150705271,0.5105697604187639,0.0020234619128118437,0.9688263837882747,0.754273149252976,0.6806877751890045,0.5870294483949863,0.8499146377113751,2536.0,158.0,2431.0,77926.0
ANN (MLP),idle,current,current_pair_rare_avg_pool,mlp,"rare, avg_pool",2,0.5,0.6589035718958525,0.9409566517189836,0.5069458425609019,0.0020234619128118437,0.9686096494924805,0.752461190324045,0.6780304216175873,0.57829046420673,0.8463106578073796,2518.0,158.0,2449.0,77926.0
ANN (MLP),idle,current,current_pair_js_fro,mlp,"js, fro",2,0.5,0.655997883877794,0.9560524286815728,0.49929534930541575,0.0014599661902566466,0.9686818942577452,0.7489176915575795,0.6786517344944417,0.6083564899624335,0.842716318600599,2480.0,114.0,2487.0,77970.0
KAN (pykan),idle,legacy,legacy_univar_fro,"width=[1,8,2],grid=3,k=3,steps=25",fro,1,0.5,0.6526367306986418,0.8318777292576419,0.5369438292732032,0.006902822601301163,0.9658161852355781,0.765020503335951,0.6524270440790819,0.6112055489517518,0.8414758686221742,2667.0,539.0,2300.0,77545.0
One-Class SVM,idle,current,current_pair_cos_euclid,ocsvm,"cos, euclid",2,0.2375843735334285,0.6547024693023883,0.9926350245499181,0.4884235957318301,0.0002305209774089442,0.9691876076145982,0.7440965373772106,0.684987649357664,0.5712685463410265,0.8406459213045978,2426.0,18.0,2541.0,78066.0
One-Class SVM,composite,current,current_geom_4,ocsvm,"js, fro, cos, euclid",4,0.1287061757855955,0.6455668284075871,0.7137283589368447,0.5892893094423193,0.015035090415450028,0.9613008874065333,0.7871271095134347,0.6285087803259126,0.5923540117030185,0.8370863241405382,2927.0,1174.0,2040.0,76910.0
ANN (MLP),idle,current,current_univar_fro,mlp,fro,1,0.5,0.6504214963119074,0.9405714285714286,0.4970807328367224,0.0019978484708775167,0.9680437321645736,0.7475414421829225,0.6710318440256936,0.5842401043087817,0.8366076098928308,2469.0,156.0,2498.0,77928.0
ANN (MLP),idle,current,current_univar_euclid,mlp,euclid,1,0.5,0.6504214963119074,0.9405714285714286,0.4970807328367224,0.0019978484708775167,0.9680437321645736,0.7475414421829225,0.6710318440256936,0.5842401043087817,0.8366076098928308,2469.0,156.0,2498.0,77928.0
KAN (pykan),idle,current,current_univar_fro,"width=[1,8,2],grid=3,k=3,steps=25",fro,1,0.5,0.6504214963119074,0.9405714285714286,0.4970807328367224,0.0019978484708775167,0.9680437321645736,0.7475414421829225,0.6710318440256936,0.5984064106633202,0.8366076098928308,2469.0,156.0,2498.0,77928.0
KAN (pykan),idle,current,current_univar_euclid,"width=[1,8,2],grid=3,k=3,steps=25",euclid,1,0.5,0.6504214963119074,0.9405714285714286,0.4970807328367224,0.0019978484708775167,0.9680437321645736,0.7475414421829225,0.6710318440256936,0.5984064106633202,0.8366076098928308,2469.0,156.0,2498.0,77928.0
Random Forest,idle,legacy,legacy_univar_js,rf,js,1,0.5,0.6441365326123691,0.7312020460358056,0.5755989530903967,0.013459863736488909,0.9619631310881266,0.7810695446769539,0.6293362481272446,0.6143880653093984,0.8346929664738365,2859.0,1051.0,2108.0,77033.0
ANN (MLP),idle,current,current_univar_cos,mlp,cos,1,0.5,0.6483993488876831,0.9937629937629938,0.4811757600161063,0.00019210081450745352,0.9687902614056423,0.7404918296007994,0.6801574702447984,0.5831235724954287,0.8334550710028055,2390.0,15.0,2577.0,78069.0
One-Class SVM,idle,current,current_geom_4,ocsvm,"js, fro, cos, euclid",4,0.14371465258842767,0.6476550885254764,0.9851973684210527,0.4823837326353936,0.0004610419548178884,0.9686096494924805,0.7409613453402879,0.6778053502520167,0.5627635251985196,0.8327340601763621,2396.0,36.0,2571.0,78048.0
One-Class SVM,idle,current,current_univar_cos,ocsvm,cos,1,0.2655995020362508,0.6473585411638509,0.9690887193898033,0.4860076504932555,0.0009861175144715948,0.9683327112256325,0.742510766489392,0.6742835020859569,0.5791661447533054,0.832641091656134,2414.0,77.0,2553.0,78007.0
One-Class SVM,idle,current,current_full_6,ocsvm,"js, fro, rare, cos, euclid, avg_pool",6,0.12705120493870187,0.6472334682861,0.9815800245599673,0.482786390175156,0.0005763024435223605,0.968525363933005,0.7411050438658169,0.6767271358780206,0.5634833197459093,0.8323080233973214,2398.0,45.0,2569.0,78039.0
ANN (MLP),idle,legacy,legacy_univar_fro,mlp,fro,1,0.5,0.6424314660309892,0.787321063394683,0.5425810348298772,0.009323292864095077,0.9638776173676415,0.766628870982891,0.6361051655084403,0.6241576014269974,0.8308255312742787,2695.0,728.0,2272.0,77356.0
ANN (MLP),len,current,current_pair_cos_euclid,mlp,"cos, euclid",2,0.5,0.6455083378160301,0.9720534629404617,0.48318904771491844,0.0008836637467342862,0.9682604664603677,0.7411526919840921,0.6733961829592393,0.587146488149429,0.8304872285006961,2400.0,69.0,2567.0,78015.0
XGBoost,idle,legacy,legacy_univar_js,xgb,js,1,0.5,0.6340929009640667,0.6955058880076904,0.5826454600362392,0.01622611546539624,0.9597837473359743,0.7832096722854215,0.6156818451762387,0.6495558527339633,0.8242161786225334,2894.0,1267.0,2073.0,76817.0
KAN (pykan),len,current,current_full_6,"width=[6,8,2],grid=3,k=3,steps=25","js, fro, rare, cos, euclid, avg_pool",6,0.5,0.6386301369863014,0.9991427346763824,0.46929736259311455,2.5613441934327136e-05,0.9682363848719462,0.7346358745755901,0.6734571227316855,0.6648446573499858,0.8222801409255219,2331.0,2.0,2636.0,78082.0
KAN (pykan),composite,current,current_pair_cos_euclid,"width=[2,8,2],grid=3,k=3,steps=25","cos, euclid",2,0.5,0.6337600633496107,0.9199233716475096,0.48339037648479966,0.0026766046821371857,0.9665867960650685,0.7403568859013312,0.6533647298428374,0.6932657001777613,0.8179124731861954,2401.0,209.0,2566.0,77875.0
XGBoost,idle,legacy,legacy_mv,xgb,"js, fro, d_js, d_fro, rare",5,0.5,0.6107142857142857,0.5727128503437334,0.6541171733440708,0.031043491624404486,0.9501270303789238,0.8115368408598331,0.5856691816979646,0.71857221331648,0.8027332738607024,3249.0,2424.0,1718.0,75660.0
One-Class SVM,composite,current,current_pair_cos_euclid,ocsvm,"cos, euclid",2,0.11956390826388874,0.5994397759103642,0.5302772185225337,0.6893497080732837,0.0388427846934071,0.9449013256914426,0.8252534616899383,0.5760593912012945,0.6598116017510738,0.7921581666901564,3424.0,3033.0,1543.0,75051.0
XGBoost,idle,current,current_full_6,xgb,"js, fro, rare, cos, euclid, avg_pool",6,0.5,0.581081081081081,0.5736707867372964,0.5886853231326756,0.027829004661646433,0.9492360116073256,0.7804281592355147,0.5541192071046086,0.6354193596651646,0.7664479692583834,2924.0,2173.0,2043.0,75911.0
One-Class SVM,composite,current,current_full_6,ocsvm,"js, fro, rare, cos, euclid, avg_pool",6,0.06604920911088719,0.574885721968271,0.5180936995153473,0.6456613650090598,0.038202448645048924,0.9428905130582413,0.8037294581820054,0.5484621700708097,0.5723067154189732,0.7624472294880053,3207.0,2983.0,1760.0,75101.0
TEDA,idle,legacy,legacy_univar_fro,legacy_univar_fro,fro,1,2.4,0.5832857957786651,1.0,0.4117173344070868,0.0,0.9648167993160829,0.7058586672035434,0.6299731048851124,0.635236994386528,0.759750462579551,2045.0,0.0,2922.0,78084.0
XGBoost,idle,current,current_geom_4,xgb,"js, fro, cos, euclid",4,0.5,0.5710657419165771,0.5546489563567363,0.5884839943627944,0.030057374109932894,0.947128872620438,0.7792133101264307,0.5431904808652589,0.6341185474492433,0.7553489885097082,2923.0,2347.0,2044.0,75737.0
KAN (pykan),idle,legacy,legacy_mv,"width=[5,8,2],grid=3,k=3,steps=25","js, fro, d_js, d_fro, rare",5,0.5,0.5763519193051274,0.9474896361123906,0.4141332796456614,0.0014599661902566466,0.9635886383065827,0.7063366567277023,0.6133155958917091,0.5245316272887048,0.7524250953204632,2057.0,114.0,2910.0,77970.0
Random Forest,idle,current,current_pair_js_fro,rf,"js, fro",2,0.5,0.569078947368421,0.6248495063809294,0.5224481578417556,0.019952871266840838,0.9526796787516104,0.7512476432874573,0.5466963018234801,0.5606596275173559,0.7499073532468911,2595.0,1558.0,2372.0,76526.0
Random Forest,idle,current,current_pair_rare_avg_pool,rf,"rare, avg_pool",2,0.5,0.5656726837538646,0.5604743083003952,0.5709683913831286,0.028482147430971775,0.9475623412120263,0.7712431219760785,0.5377981867259451,0.6078855693145826,0.7485147126470442,2836.0,2224.0,2131.0,75860.0
Random Forest,idle,current,current_univar_avg_pool,rf,avg_pool,1,0.5,0.5645980675366071,0.5587539432176656,0.5705657338433662,0.028661441524512065,0.9473696885046538,0.7709521461594271,0.5366266590725602,0.6077146555423811,0.7473045995428846,2834.0,2238.0,2133.0,75846.0
XGBoost,idle,current,current_univar_cos,xgb,cos,1,0.5,0.5645528455284553,0.6115547205260686,0.5242601167706865,0.021182316479688542,0.9516321296552721,0.7515389001454991,0.5408995410847066,0.5828826791265982,0.7450237597969391,2604.0,1654.0,2363.0,76430.0
Random Forest,idle,current,current_univar_cos,rf,cos,1,0.5,0.5655775425678785,0.6598657718120805,0.494866116368029,0.01622611546539624,0.9545339610600715,0.7393200004513164,0.5483605213914461,0.5388102912465544,0.744728402267819,2458.0,1267.0,2509.0,76817.0
XGBoost,composite,current,current_full_6,xgb,"js, fro, rare, cos, euclid, avg_pool",6,0.5,0.551104059235753,0.4102766020277586,0.8391383128649084,0.07672506531427693,0.9182430073087621,0.8812066237753158,0.5517637020616684,0.8120698442486268,0.744551942319585,4168.0,5991.0,799.0,72093.0
XGBoost,idle,current,current_pair_cos_euclid,xgb,"cos, euclid",2,0.5,0.5572555354936805,0.5277177825773938,0.5902959532917254,0.0336048358178372,0.9439019397719474,0.7783455587369441,0.5283533170917293,0.6388494597363125,0.7400802326416734,2932.0,2624.0,2035.0,75460.0
KAN (pykan),idle,current,current_univar_cos,"width=[1,8,2],grid=3,k=3,steps=25",cos,1,0.5,0.5646582863748013,1.0,0.3933964163478961,0.0,0.9637210870429014,0.6966982081739481,0.6154514960313393,0.5658928751337865,0.7388328384182883,1954.0,0.0,3013.0,78084.0
Random Forest,idle,current,current_univar_fro,rf,fro,1,0.5,0.5558566696778079,0.5542433947157727,0.5574793638010872,0.028520567593873263,0.9467194856172713,0.764479398103607,0.5275193212989482,0.596772393204441,0.736994320545854,2769.0,2227.0,2198.0,75857.0
Random Forest,idle,current,current_univar_euclid,rf,euclid,1,0.5,0.5558566696778079,0.5542433947157727,0.5574793638010872,0.028520567593873263,0.9467194856172713,0.764479398103607,0.5275193212989482,0.596772393204441,0.736994320545854,2769.0,2227.0,2198.0,75857.0
Random Forest,idle,legacy,legacy_univar_fro,rf,fro,1,0.5,0.5563831988412994,0.5722494147690999,0.5413730622105899,0.02574150914399877,0.948369074424149,0.7578157765332956,0.5292243593284802,0.555076065250671,0.7368276147742236,2689.0,2010.0,2278.0,76074.0
XGBoost,composite,current,current_geom_4,xgb,"js, fro, cos, euclid",4,0.5,0.5349316834235628,0.3934022182197365,0.8355143950070465,0.08195020746887967,0.9131136289749672,0.8767820937690833,0.5366210658897144,0.8092445746242884,0.7254446342517258,4150.0,6399.0,817.0,71685.0
XGBoost,idle,current,current_pair_rare_avg_pool,xgb,"rare, avg_pool",2,0.5,0.5258190398402759,0.4786847323198942,0.5832494463458828,0.04040520465140106,0.9370868502486424,0.7714221208472409,0.49523501067845993,0.6113982816835853,0.7045327484240957,2897.0,3155.0,2070.0,74929.0
One-Class SVM,len,current,current_pair_cos_euclid,ocsvm,"cos, euclid",2,0.08479123841675507,0.5192395995959225,0.4773725092874029,0.5691564324541977,0.039636801393371245,0.9369664423065346,0.7647598155304132,0.48794078441183764,0.5710633582655134,0.6965566729908458,2827.0,3095.0,2140.0,74989.0
Random Forest,composite,current,current_univar_cos,rf,cos,1,0.5,0.5169817634264681,0.442249892657793,0.6221058989329575,0.049907791609036425,0.9304764542269208,0.7860990536619605,0.48880942555989043,0.5327860082496323,0.6960387997787955,3090.0,3897.0,1877.0,74187.0
Random Forest,composite,current,current_pair_js_fro,rf,"js, fro",2,0.5,0.5176898068464334,0.49298852668002185,0.5449969800684518,0.035653911172583375,0.9392662340007947,0.7546715344479342,0.4860644795530095,0.43894638545659215,0.6938788215480127,2707.0,2784.0,2260.0,75300.0
XGBoost,idle,current,current_univar_avg_pool,xgb,avg_pool,1,0.5,0.5074028914823201,0.4471220260936301,0.5864707066639823,0.04612980892372317,0.9318972679437936,0.7701704488701295,0.4765471272899291,0.6101869959171985,0.6838000705765493,2913.0,3602.0,2054.0,74482.0
Random Forest,len,legacy,legacy_mv,rf,"js, fro, d_js, d_fro, rare",5,0.5,0.49520328917313844,0.36635766705291617,0.7638413529293336,0.08403770298652732,0.9068644567795692,0.8399018249714032,0.487936500502965,0.7504365511461787,0.6757655493707047,3794.0,6562.0,1173.0,71522.0
XGBoost,idle,current,current_univar_fro,xgb,fro,1,0.5,0.49804786963164144,0.43052090975788704,0.5906986108314878,0.049702884073561805,0.9287907430374107,0.770497863378963,0.4674217965523779,0.6058375322490621,0.6732763260506356,2934.0,3881.0,2033.0,74203.0
XGBoost,idle,current,current_univar_euclid,xgb,euclid,1,0.5,0.49804786963164144,0.43052090975788704,0.5906986108314878,0.049702884073561805,0.9287907430374107,0.770497863378963,0.4674217965523779,0.6058375322490621,0.6732763260506356,2934.0,3881.0,2033.0,74203.0
XGBoost,idle,current,current_pair_js_fro,xgb,"js, fro",2,0.5,0.49162381821197554,0.4179946410943449,0.5967384739279243,0.05285333743148404,0.926189931487881,0.7719425682482202,0.46151845923957313,0.61229274941861,0.6661107921730112,2964.0,4127.0,2003.0,73957.0
XGBoost,idle,legacy,legacy_univar_fro,xgb,fro,1,0.5,0.4774311317623631,0.4060691601976006,0.5792228709482585,0.05389068182982429,0.9241670780604688,0.7626660945592172,0.4459462969891458,0.6073010313567798,0.649235916761729,2877.0,4208.0,2090.0,73876.0
Isolation Forest,composite,legacy,legacy_mv,iforest,"js, fro, d_js, d_fro, rare",5,0.19554486514080996,0.4664331582019848,0.36580061806111935,0.6434467485403664,0.07096204087905332,0.9119577127307317,0.7862423538306565,0.4424615227720106,0.44756809421292704,0.6381570323519803,3196.0,5541.0,1771.0,72543.0
Random Forest,composite,current,current_univar_js,rf,js,1,0.5,0.4655352232862426,0.4399641577060932,0.4942621300583853,0.04002100302238615,0.9321260430337985,0.7271205635179996,0.43025693456782044,0.38503376871360523,0.6333080131079074,2455.0,3125.0,2512.0,74959.0
Isolation Forest,len,legacy,legacy_mv,iforest,"js, fro, d_js, d_fro, rare",5,0.19580393512728,0.4608192694715157,0.3799320616671022,0.5854640628145762,0.06078069771015829,0.9180623953956003,0.7623416825522089,0.4301343634672324,0.2985255763844804,0.6301314459110126,2908.0,4746.0,2059.0,73338.0
KAN (pykan),len,current,current_pair_cos_euclid,"width=[2,8,2],grid=3,k=3,steps=25","cos, euclid",2,0.5,0.4619187393789588,0.9926958831341302,0.30098651097241796,0.00014087393063879925,0.9580619137638319,0.6504228185208896,0.5346390415107541,0.5336921538900214,0.6244751381334576,1495.0,11.0,3472.0,78073.0
ANN (MLP),composite,current,current_univar_cos,mlp,cos,1,0.5,0.4414976599063962,0.9805959805959806,0.28488020938192066,0.0003585881870805799,0.9568939567253856,0.64226081059742,0.5163496038865357,0.5826622473723468,0.601937356690273,1415.0,28.0,3552.0,78056.0
Random Forest,composite,current,current_pair_rare_avg_pool,rf,"rare, avg_pool",2,0.5,0.43332476875642345,0.31817753042165836,0.6790819408093417,0.09256697915065827,0.8937761134724447,0.7932574808293418,0.4167874078651633,0.3907821793370149,0.5992406962610285,3373.0,7228.0,1594.0,70856.0
Random Forest,composite,current,current_univar_avg_pool,rf,avg_pool,1,0.5,0.4323609098355491,0.3146551724137931,0.6907590094624522,0.09570462578761334,0.8915244849550277,0.7975271918374194,0.41781372798020183,0.37807005234731667,0.5982460887692393,3431.0,7473.0,1536.0,70611.0
Random Forest,len,legacy,legacy_univar_fro,rf,fro,1,0.5,0.4312250448469418,0.3025824265064155,0.7501509965774109,0.10998411966600072,0.881651033702183,0.8200834384557051,0.42716770611123833,0.7346546466842443,0.5977514625777678,3726.0,8588.0,1241.0,69496.0
Random Forest,composite,current,current_univar_fro,rf,fro,1,0.5,0.43121676170948936,0.31625939849624063,0.677471310650292,0.09316889503611496,0.8931138697908514,0.7921512078070885,0.41456506488455536,0.38225556127668897,0.5966454503986213,3365.0,7275.0,1602.0,70809.0
Random Forest,composite,current,current_univar_euclid,rf,euclid,1,0.5,0.43121676170948936,0.31625939849624063,0.677471310650292,0.09316889503611496,0.8931138697908514,0.7921512078070885,0.41456506488455536,0.38225556127668897,0.5966454503986213,3365.0,7275.0,1602.0,70809.0
XGBoost,composite,current,current_pair_js_fro,xgb,"js, fro",2,0.5,0.4251050420168067,0.28757194628011085,0.8147775317092812,0.12840018441678192,0.8682014665687349,0.8431886736462497,0.43385280086251304,0.5502264601338802,0.5909621458824954,4047.0,10026.0,920.0,68058.0
XGBoost,composite,current,current_pair_cos_euclid,xgb,"cos, euclid",2,0.5,0.41972124398591343,0.2784651836251152,0.851822025367425,0.14040008196301418,0.8591347485280129,0.8557109717022053,0.43633693265918844,0.6897333854310352,0.5845089582244098,4231.0,10963.0,736.0,67121.0
Random Forest,len,legacy,legacy_univar_js,rf,js,1,0.5,0.41861566700219077,0.2965106525750713,0.7116972015300986,0.10740996875160085,0.8817714416442909,0.8021436163892489,0.40867080643998194,0.6930841003004836,0.5815580820364427,3535.0,8387.0,1432.0,69697.0
One-Class SVM,composite,current,current_univar_cos,ocsvm,cos,1,0.1132209518265026,0.41952881067272213,0.39575151731524455,0.44634588282665594,0.043350750473848676,0.926129727516827,0.7014975661764037,0.38102059185393905,0.48521018287877654,0.579730439550976,2217.0,3385.0,2750.0,74699.0
XGBoost,composite,current,current_univar_avg_pool,xgb,avg_pool,1,0.5,0.4146449923415189,0.2747511786275537,0.8447755184215825,0.14184724143230368,0.8573527109848166,0.8514641384946394,0.4302724945271829,0.4567414799608556,0.5778644924638725,4196.0,11076.0,771.0,67008.0
Random Forest,len,current,current_geom_4,rf,"js, fro, cos, euclid",4,0.5,0.41667283630710006,0.3295081967213115,0.5665391584457419,0.0733312842579786,0.905130582413216,0.7466039370938816,0.38505163925769564,0.537236892485615,0.577657871090278,2814.0,5726.0,2153.0,72358.0
XGBoost,composite,current,current_pair_rare_avg_pool,xgb,"rare, avg_pool",2,0.5,0.4123629508359379,0.27360105332455564,0.8367223676263338,0.1413093591516828,0.8573767925732382,0.8477065042373255,0.4265617429475461,0.45162331368561076,0.5748313011921803,4156.0,11034.0,811.0,67050.0
Random Forest,len,current,current_full_6,rf,"js, fro, rare, cos, euclid, avg_pool",6,0.5,0.4132083891120036,0.3276329755867437,0.5592913227300181,0.0730111162337995,0.9049981336768973,0.7431401032481093,0.38085046111399135,0.5055869771943728,0.573439524242201,2778.0,5701.0,2189.0,72383.0
XGBoost,composite,current,current_univar_fro,xgb,fro,1,0.5,0.40859992764483943,0.27485746071478234,0.7958526273404469,0.13356129296654884,0.8622171918459741,0.831145667186949,0.4150373441453452,0.4739798791551147,0.5696398919032846,3953.0,10429.0,1014.0,67655.0
XGBoost,composite,current,current_univar_euclid,xgb,euclid,1,0.5,0.40859992764483943,0.27485746071478234,0.7958526273404469,0.13356129296654884,0.8622171918459741,0.831145667186949,0.4150373441453452,0.4739798791551147,0.5696398919032846,3953.0,10429.0,1014.0,67655.0
Random Forest,len,current,current_pair_cos_euclid,rf,"cos, euclid",2,0.5,0.4058987758608347,0.31493001555209954,0.5707670626132474,0.07897904820449772,0.9000734488446858,0.7458940072043748,0.375125807465203,0.54552548722822,0.5647296107903542,2835.0,6167.0,2132.0,71917.0
One-Class SVM,idle,current,current_pair_rare_avg_pool,ocsvm,"rare, avg_pool",2,5.43776242749594e-05,0.38359582098861683,0.8506224066390041,0.24763438695389572,0.0027662517289073307,0.9524027404847624,0.6224340676124942,0.4439334288295982,0.3081922625990786,0.5382361497866228,1230.0,216.0,3737.0,77868.0
One-Class SVM,idle,current,current_univar_avg_pool,ocsvm,avg_pool,1,5.43776242749594e-05,0.3833437305053026,0.8505190311418686,0.2474330581840145,0.0027662517289073307,0.9523906996905516,0.6223334032275536,0.4437191686956542,0.3080522041098134,0.5379588932070735,1229.0,216.0,3738.0,77868.0
One-Class SVM,len,current,current_geom_4,ocsvm,"js, fro, cos, euclid",4,0.09347056083485761,0.38175237314757904,0.2888590326581232,0.5627139118179988,0.08812304697505251,0.8909946900097531,0.7372954324214731,0.3507724643208247,0.18951233976019538,0.5352331648116789,2795.0,6881.0,2172.0,71203.0
XGBoost,len,legacy,legacy_mv,xgb,"js, fro, d_js, d_fro, rare",5,0.5,0.3756613756613757,0.24679264362004677,0.7861888463861486,0.15263050048665538,0.8437104911439959,0.8167791729497467,0.3825561718617378,0.7803646577683733,0.526435493728483,3905.0,11918.0,1062.0,66166.0
One-Class SVM,composite,current,current_univar_avg_pool,ocsvm,avg_pool,1,0.0002930476912315072,0.3731526088021556,0.31387362637362637,0.4600362391785786,0.06396957123098201,0.9075628228437947,0.6980333339737983,0.3321078965577315,0.21580111079041286,0.5252715923647615,2285.0,4995.0,2682.0,73089.0
XGBoost,len,current,current_full_6,xgb,"js, fro, rare, cos, euclid, avg_pool",6,0.5,0.3736179107761703,0.25703905540417804,0.6837125025166096,0.12571077301367758,0.8628914763217782,0.779000864751466,0.36176817813663187,0.6521963373998615,0.5243693564092496,3396.0,9816.0,1571.0,68268.0
One-Class SVM,composite,current,current_univar_fro,ocsvm,fro,1,0.00017024974384027836,0.3707930207558091,0.3146225091215268,0.4513791020736863,0.06254802520362686,0.9083815968501282,0.6944155384350297,0.32921056583228486,0.22384196993044492,0.5225050965432971,2242.0,4884.0,2725.0,73200.0
One-Class SVM,composite,current,current_univar_euclid,ocsvm,euclid,1,0.00017024974384027836,0.3707930207558091,0.3146225091215268,0.4513791020736863,0.06254802520362686,0.9083815968501282,0.6944155384350297,0.32921056583228486,0.22384196993044492,0.5225050965432971,2242.0,4884.0,2725.0,73200.0
One-Class SVM,composite,current,current_pair_rare_avg_pool,ocsvm,"rare, avg_pool",2,5.722379567085767e-06,0.36421777632010494,0.3072347489279292,0.4471511979061808,0.06413605860355515,0.9066356816895642,0.6915075696513129,0.32218648336958383,0.21973334409681444,0.5146470482216888,2221.0,5008.0,2746.0,73076.0
XGBoost,len,current,current_geom_4,xgb,"js, fro, cos, euclid",4,0.5,0.35891517599538375,0.24269296254256525,0.68874572176364,0.13671174632447108,0.8528494539499826,0.7760169877195845,0.34870894429167554,0.6499924205063035,0.505070311711715,3421.0,10675.0,1546.0,67409.0
One-Class SVM,len,current,current_full_6,ocsvm,"js, fro, rare, cos, euclid, avg_pool",6,0.09888917013535448,0.3524477547183455,0.27499435793274657,0.49063821220052345,0.08228318221402592,0.89217468784241,0.7041775149932488,0.3136392339098471,0.17216719370051464,0.4996930196917486,2437.0,6425.0,2530.0,71659.0
One-Class SVM,idle,current,current_univar_fro,ocsvm,fro,1,0.00040991936313994337,0.33908138597904913,0.8497576736672051,0.21179786591503927,0.0023820500998924235,0.950620702941566,0.6047079079075734,0.40979447899479854,0.28294729741673186,0.48942464542098013,1052.0,186.0,3915.0,77898.0
One-Class SVM,idle,current,current_univar_euclid,ocsvm,euclid,1,0.00040991936313994337,0.33908138597904913,0.8497576736672051,0.21179786591503927,0.0023820500998924235,0.950620702941566,0.6047079079075734,0.40979447899479854,0.28294729741673186,0.48942464542098013,1052.0,186.0,3915.0,77898.0
One-Class SVM,idle,current,current_pair_js_fro,ocsvm,"js, fro",2,0.02027204623723605,0.3340071528533666,0.7336065573770492,0.21622709885242603,0.004994621177193791,0.948429278395203,0.6056162388376162,0.3806341754887892,0.2888561158421595,0.4836630951507528,1074.0,390.0,3893.0,77694.0
Random Forest,len,current,current_pair_js_fro,rf,"js, fro",2,0.5,0.33364676383012065,0.27312379730596537,0.4286289510771089,0.07256288099994877,0.8976050860314746,0.67803303503858,0.2895210014816809,0.4007972965656369,0.4777580142397836,2129.0,5666.0,2838.0,72418.0
One-Class SVM,len,current,current_univar_cos,ocsvm,cos,1,0.0072815988323481785,0.31469518081235615,0.24929411764705883,0.42661566337829676,0.08171968649147072,0.8888755102286546,0.672447988443413,0.26982366398670254,0.3376463671572594,0.4542052876511946,2119.0,6381.0,2848.0,71703.0
Random Forest,len,current,current_univar_cos,rf,cos,1,0.5,0.306761378584583,0.2278011136075022,0.46949869136299577,0.101237129245428,0.873090029018314,0.6841307810587839,0.2656383054045378,0.3972922759936007,0.44236107861337914,2332.0,7905.0,2635.0,70179.0
ANN (MLP),len,current,current_univar_cos,mlp,cos,1,0.5,0.291737504250255,0.9377049180327869,0.17274008455808335,0.0007299830951283233,0.9498380513178649,0.5860050507314776,0.3907551736780184,0.42212751698148643,0.4379832728498295,858.0,57.0,4109.0,78027.0
XGBoost,composite,legacy,legacy_univar_js,xgb,js,1,0.5,0.3063330506078597,0.18577735865232115,0.8725588886651903,0.24326366477127195,0.7636632912306895,0.8146476119469592,0.33202234217997295,0.7858340383152079,0.42485267092465434,4334.0,18995.0,633.0,59089.0
XGBoost,len,current,current_pair_cos_euclid,xgb,"cos, euclid",2,0.5,0.2951387347391787,0.18931541177810685,0.6692168310851621,0.18229086624660623,0.8088283103153484,0.743462982419278,0.28278480873002837,0.5424091976671473,0.417202677157686,3324.0,14234.0,1643.0,63850.0
TEDA,idle,current,current_univar_cos,current_univar_cos,cos,1,2.2,0.26933797909407664,1.0,0.15562713911818,0.0,0.9495009090799629,0.57781356955909,0.38431012823656857,0.5777471583987166,0.41379137148384915,773.0,0.0,4194.0,78084.0
Random Forest,idle,current,current_univar_js,rf,js,1,0.5,0.2703590192644483,0.2962341088990165,0.2486410308033018,0.037574919317657905,0.9197360657908996,0.605533055742822,0.2292143014783898,0.24764380784702703,0.4085910614389735,1235.0,2934.0,3732.0,75150.0
Random Forest,len,current,current_univar_js,rf,js,1,0.5,0.2735198241225078,0.2193579766536965,0.3631971008657137,0.0822191486091901,0.8846130690780364,0.6404889761282618,0.2230640750349665,0.25374720535007667,0.4048653661413567,1804.0,6420.0,3163.0,71664.0
XGBoost,len,legacy,legacy_univar_fro,xgb,fro,1,0.5,0.2907006462448428,0.17754883596467755,0.801489832897121,0.23616874135546334,0.7660834908670576,0.7826605457708288,0.3019575677767358,0.7643803048819648,0.40370672321313783,3981.0,18441.0,986.0,59643.0
XGBoost,composite,current,current_univar_cos,xgb,cos,1,0.5,0.2906915361604786,0.17613442511088365,0.8314878196094222,0.24740023564366578,0.7573177926816053,0.7920437919828782,0.3076940642537295,0.5932194870494477,0.4021124016809151,4130.0,19318.0,837.0,58766.0
One-Class SVM,composite,current,current_pair_js_fro,ocsvm,"js, fro",2,-0.0001654380291133961,0.2704615142699897,0.2218782249742002,0.34628548419569155,0.07725014087393064,0.8882734705181153,0.6345176716608805,0.2192986495606393,0.12776783095493005,0.4020533828793341,1720.0,6032.0,3247.0,72052.0
Random Forest,len,current,current_univar_fro,rf,fro,1,0.5,0.27607583819806786,0.18568450312717164,0.5379504731226092,0.15006915629322268,0.8312723507242538,0.6939406584146932,0.24301971577163087,0.39626503259153734,0.39703679809911324,2672.0,11718.0,2295.0,66366.0
Random Forest,len,current,current_univar_euclid,rf,euclid,1,0.5,0.27607583819806786,0.18568450312717164,0.5379504731226092,0.15006915629322268,0.8312723507242538,0.6939406584146932,0.24301971577163087,0.39626503259153734,0.39703679809911324,2672.0,11718.0,2295.0,66366.0
Random Forest,len,current,current_univar_avg_pool,rf,avg_pool,1,0.5,0.2745924821309199,0.18439226519337015,0.5375478155828468,0.15124737462220172,0.8301405160684399,0.6931502204803226,0.24143419910444433,0.39752316402130544,0.39494345613322995,2670.0,11810.0,2297.0,66274.0
Random Forest,len,current,current_pair_rare_avg_pool,rf,"rare, avg_pool",2,0.5,0.2735530755255645,0.18429150930200028,0.5305013086370042,0.1493647866400287,0.8314890850200479,0.6905682609984878,0.23940058098441408,0.411236440313979,0.39391746545117645,2635.0,11663.0,2332.0,66421.0
XGBoost,len,current,current_pair_js_fro,xgb,"js, fro",2,0.5,0.2779055368830709,0.1780674412014735,0.6325749949667807,0.18573587418677323,0.8033979121262839,0.7234195603900038,0.2590357277129273,0.47903756568975975,0.39375287101520123,3142.0,14503.0,1825.0,63581.0
XGBoost,len,legacy,legacy_univar_js,xgb,js,1,0.5,0.27998274374460747,0.17042321326972734,0.7839742299174552,0.24275139593258543,0.7588469735463751,0.770611416992435,0.2873857030226597,0.7404150030415194,0.3876726094163113,3894.0,18955.0,1073.0,59129.0
XGBoost,len,current,current_univar_fro,xgb,fro,1,0.5,0.26740114840577006,0.17406101859730158,0.5766055969398027,0.17404333794375287,0.811043816450133,0.7012811294980249,0.23949590024478382,0.3542810745633261,0.38180626249996275,2864.0,13590.0,2103.0,64494.0
XGBoost,len,current,current_univar_euclid,xgb,euclid,1,0.5,0.26740114840577006,0.17406101859730158,0.5766055969398027,0.17404333794375287,0.811043816450133,0.7012811294980249,0.23949590024478382,0.3542810745633261,0.38180626249996275,2864.0,13590.0,2103.0,64494.0
XGBoost,composite,legacy,legacy_univar_fro,xgb,fro,1,0.5,0.2749748873983345,0.16386035374990346,0.8542379706059996,0.2772783156600584,0.7305872295336601,0.7884798274729705,0.29535155853242395,0.7793960876961754,0.37504743378555666,4243.0,21651.0,724.0,56433.0
XGBoost,len,current,current_pair_rare_avg_pool,xgb,"rare, avg_pool",2,0.5,0.2534633612832665,0.16380986039936385,0.5598953090396618,0.18180421084985401,0.8027477092389014,0.6890455490949039,0.22232012859457626,0.3621923543022808,0.36209327475954356,2781.0,14196.0,2186.0,63888.0
XGBoost,len,current,current_univar_avg_pool,xgb,avg_pool,1,0.5,0.25035637918745546,0.1607459527486986,0.565733843366217,0.18788740330925668,0.7973775150208908,0.6889232200284802,0.21978989064932739,0.3432194777035549,0.3568265930363357,2810.0,14671.0,2157.0,63413.0
Isolation Forest,len,current,current_univar_cos,iforest,cos,1,0.17027112085672957,0.22775119617224882,0.1885646375280602,0.2874974833903765,0.07869730034322012,0.883396948862747,0.6044000915235782,0.17199459971004363,0.1028022324506618,0.3513071639330163,1428.0,6145.0,3539.0,71939.0
Isolation Forest,idle,current,current_pair_js_fro,iforest,"js, fro",2,0.1755931283868093,0.21164863144493953,0.5049354593773728,0.13388363197100867,0.008349982070590647,0.9403499054797655,0.562766824950209,0.23828351523186678,0.13512043030465787,0.3494178439577851,665.0,652.0,4302.0,77432.0
XGBoost,composite,current,current_univar_js,xgb,js,1,0.5,0.25584900714332526,0.15279245430707214,0.7859875176162674,0.27722708877618973,0.7265535634730467,0.7543802144200389,0.26139878088630425,0.33917295379649065,0.34741457967666856,3904.0,21647.0,1063.0,56437.0
Isolation Forest,idle,current,current_univar_js,iforest,js,1,0.18989020257748046,0.20864485981308414,0.24853882549401615,0.17978659150392592,0.034578146611341634,0.9184356600161346,0.5726042224462922,0.16924761501100022,0.10564024279674941,0.33969356411068763,893.0,2700.0,4074.0,75384.0
Isolation Forest,composite,current,current_geom_4,iforest,"js, fro, cos, euclid",4,0.21031652725303518,0.19966489807316393,0.32574031890660593,0.14395007046506947,0.01895394703140208,0.9309821675837738,0.5624980617168337,0.1847784254245279,0.1278635741562123,0.33365553204138165,715.0,1480.0,4252.0,76604.0
Isolation Forest,idle,legacy,legacy_mv,iforest,"js, fro, d_js, d_fro, rare",5,0.182628344675153,0.19277433270423297,0.2917176662586699,0.14395007046506947,0.022232467598995952,0.9278997242658126,0.5608588014330367,0.1705463073453088,0.13319599559789053,0.32520766940284357,715.0,1736.0,4252.0,76348.0
Isolation Forest,composite,current,current_full_6,iforest,"js, fro, rare, cos, euclid, avg_pool",6,0.19099239417034897,0.18051857042747024,0.29704797047970477,0.12965572780350312,0.019517442753957278,0.9295974762495334,0.5550691425247729,0.16379783295192404,0.10908169854700747,0.3124547510947784,644.0,1524.0,4323.0,76560.0
XGBoost,len,current,current_univar_cos,xgb,cos,1,0.5,0.22885606320851942,0.1379695978130307,0.6706261324743306,0.26653347676860817,0.7297082515562726,0.7020463278528613,0.21102130643599287,0.44977148349746476,0.3110809283027219,3331.0,20812.0,1636.0,57272.0
Isolation Forest,composite,current,current_pair_js_fro,iforest,"js, fro",2,0.21740026195233986,0.1848775752346025,0.1991171003717472,0.17253875578820213,0.04414476717381282,0.9090077181490891,0.5641969943071947,0.13734715151222165,0.11652872910336959,0.3104761553005667,857.0,3447.0,4110.0,74637.0
TEDA,idle,legacy,legacy_mv,legacy_mv,"js, fro, d_js, d_fro, rare",5,2.6,0.1683573050719152,0.33943833943833945,0.11193879605395611,0.01385687208647098,0.9338599174001517,0.5490409619837425,0.16726815046716226,0.16919908992186578,0.30076764033758596,556.0,1082.0,4411.0,77002.0
KAN (pykan),composite,current,current_pair_js_fro,"width=[2,8,2],grid=3,k=3,steps=25","js, fro",2,0.5,0.1533667993768392,0.5469135802469136,0.0891886450573787,0.004700066594949029,0.941108475515045,0.5422442892312148,0.20386346843216577,0.3191273603934644,0.2872828483764107,443.0,367.0,4524.0,77717.0
One-Class SVM,composite,current,current_univar_rare,ocsvm,rare,1,0.02734262601240056,0.15841327456572465,0.22242446305060065,0.12301187839742299,0.02735515598586138,0.9218311639835763,0.5478283612057808,0.12683691887834825,0.10113306160081782,0.28579606027211835,611.0,2136.0,4356.0,75948.0
Isolation Forest,composite,current,current_univar_rare,iforest,rare,1,0.2413874193385368,0.15749870264660096,0.22145202480846407,0.12220656331789813,0.027329542543927055,0.9218070823951547,0.5474385103869855,0.12593597668569542,0.09671686608402508,0.2847929903529729,607.0,2134.0,4360.0,75950.0
Isolation Forest,composite,current,current_pair_rare_avg_pool,iforest,"rare, avg_pool",2,0.19771355922719247,0.1513552410650036,0.18718481162859685,0.1270384537950473,0.035090415450028174,0.9147993401644773,0.5459740191725095,0.11048836213216776,0.10980008796459391,0.2755671004506211,631.0,2740.0,4336.0,75344.0
XGBoost,len,current,current_univar_js,xgb,js,1,0.5,0.20965930363159863,0.12405390437511538,0.6764646668008858,0.30383945494595566,0.6949826010523654,0.6863126059274651,0.18848369556248828,0.26750932183979975,0.2748936458823804,3360.0,23725.0,1607.0,54359.0
One-Class SVM,idle,current,current_univar_js,ocsvm,js,1,0.000980037059593597,0.1396067415730337,0.23084068741291222,0.10006039863096436,0.02120792992162287,0.9262380946647241,0.5394262343546707,0.11766640740826063,0.09059976680784945,0.2670405246891334,497.0,1656.0,4470.0,76428.0
Isolation Forest,len,current,current_pair_cos_euclid,iforest,"cos, euclid",2,0.18435573111454218,0.157331854551216,0.12970219435736677,0.1999194684920475,0.08533118180421086,0.8719220719798678,0.5572941433439184,0.09392822106496407,0.10054729371711062,0.26678947675572184,993.0,6663.0,3974.0,71421.0
TEDA,idle,current,current_univar_js,current_univar_js,js,1,1.8,0.15677207637231505,0.12451131382537614,0.21159653714515805,0.09464166794733876,0.8638667806528518,0.5584774345989096,0.09178061084706976,0.12688946421750735,0.2632668512404739,1051.0,7390.0,3916.0,70694.0
TEDA,idle,current,current_pair_js_fro,current_pair_js_fro,"js, fro",2,1.8,0.15677207637231505,0.12451131382537614,0.21159653714515805,0.09464166794733876,0.8638667806528518,0.5584774345989096,0.09178061084706976,0.12706282069320807,0.2632668512404739,1051.0,7390.0,3916.0,70694.0
TEDA,idle,current,current_geom_4,current_geom_4,"js, fro, cos, euclid",4,2.4,0.15677207637231505,0.12451131382537614,0.21159653714515805,0.09464166794733876,0.8638667806528518,0.5584774345989096,0.09178061084706976,0.12732785951640346,0.2632668512404739,1051.0,7390.0,3916.0,70694.0
TEDA,idle,current,current_full_6,current_full_6,"js, fro, rare, cos, euclid, avg_pool",6,2.4,0.15677207637231505,0.12451131382537614,0.21159653714515805,0.09464166794733876,0.8638667806528518,0.5584774345989096,0.09178061084706976,0.12717924647853562,0.2632668512404739,1051.0,7390.0,3916.0,70694.0
KAN (pykan),composite,current,current_univar_rare,"width=[1,8,2],grid=3,k=3,steps=25",rare,1,0.5,0.1263623978201635,0.40994475138121544,0.07469297362593115,0.006838788996465345,0.9382307256986671,0.5339270923147329,0.15498413456096544,0.1580787645182146,0.25745059475008386,371.0,534.0,4596.0,77550.0
Isolation Forest,composite,current,current_univar_cos,iforest,cos,1,0.18973445630191654,0.14326914131547122,0.13317191283292978,0.15502315280853635,0.0641872854874238,0.8891163261128704,0.5454179336605562,0.0846337889512045,0.11006221210805214,0.25715807481001196,770.0,5012.0,4197.0,73072.0
Isolation Forest,composite,current,current_univar_js,iforest,js,1,0.2644453299066387,0.1439137978266825,0.13168449197860962,0.15864707066639822,0.0665437221453819,0.88711755427388,0.5460516742605082,0.08446436219545767,0.10574224418607901,0.2571364136409259,788.0,5196.0,4179.0,72888.0
Isolation Forest,idle,current,current_geom_4,iforest,"js, fro, cos, euclid",4,0.17327329033524463,0.12197815682905878,0.15619107479572597,0.10006039863096436,0.03438604579683418,0.9138481174218251,0.5328371764170651,0.0811306017476064,0.09134482315622665,0.2431523349044331,497.0,2685.0,4470.0,75399.0
TEDA,composite,current,current_univar_js,current_univar_js,js,1,2.4,0.1283777377453304,0.12132616487455197,0.13629957720958324,0.06279135290200297,0.889308978820243,0.5367541121537901,0.06962694783380265,0.08265145638275975,0.2405892922680769,677.0,4903.0,4290.0,73181.0
TEDA,composite,current,current_pair_js_fro,current_pair_js_fro,"js, fro",2,1.8,0.13415956622773045,0.10902681606445927,0.17435071471713307,0.09063316428461657,0.8654080023118325,0.5418587752162582,0.06750084954318021,0.08288871341671451,0.2379026525321792,866.0,7077.0,4101.0,71007.0
TEDA,composite,current,current_geom_4,current_geom_4,"js, fro, cos, euclid",4,1.8,0.13415956622773045,0.10902681606445927,0.17435071471713307,0.09063316428461657,0.8654080023118325,0.5418587752162582,0.06750084954318021,0.08312343706499703,0.2379026525321792,866.0,7077.0,4101.0,71007.0
TEDA,composite,current,current_full_6,current_full_6,"js, fro, rare, cos, euclid, avg_pool",6,1.8,0.13415956622773045,0.10902681606445927,0.17435071471713307,0.09063316428461657,0.8654080023118325,0.5418587752162582,0.06750084954318021,0.08275594259794096,0.2379026525321792,866.0,7077.0,4101.0,71007.0
XGBoost,idle,current,current_univar_js,xgb,js,1,0.5,0.18077117159903824,0.10601629412993524,0.6130461042883028,0.3288381742738589,0.6676861205765132,0.6421039650072219,0.14169062086555753,0.1448512166423261,0.22620380185499311,3045.0,25677.0,1922.0,52407.0
One-Class SVM,len,current,current_univar_avg_pool,ocsvm,avg_pool,1,0.1748679604085821,0.09315068493150684,0.19089207735495944,0.0616066035836521,0.01661031709441115,0.9282609480921361,0.5224981432446204,0.07755285783050335,0.09747871536849603,0.21796160975961804,306.0,1297.0,4661.0,76787.0
One-Class SVM,len,current,current_pair_rare_avg_pool,ocsvm,"rare, avg_pool",2,0.12535881060161946,0.09342144788224692,0.18391484328799526,0.06261324743305818,0.017673274934685724,0.9273217661436949,0.5224699862491862,0.07545423753921957,0.09343359088422099,0.21785329821740346,311.0,1380.0,4656.0,76704.0
One-Class SVM,len,current,current_pair_js_fro,ocsvm,"js, fro",2,0.11671059437634423,0.10669754185963662,0.09567161795240377,0.1205959331588484,0.07251165411608011,0.8792308340658149,0.5240421395213841,0.04318739705376981,0.061876758851991086,0.2123289977993546,599.0,5662.0,4368.0,72422.0
One-Class SVM,len,current,current_univar_fro,ocsvm,fro,1,0.1361229391046772,0.08773500447627575,0.16945244956772335,0.05919065834507751,0.0184544849136827,0.9263825841952535,0.5203680867156973,0.06754148331562196,0.08826086796827895,0.21136795643541112,294.0,1441.0,4673.0,76643.0
One-Class SVM,len,current,current_univar_euclid,ocsvm,euclid,1,0.1361229391046772,0.08773500447627575,0.16945244956772335,0.05919065834507751,0.0184544849136827,0.9263825841952535,0.5203680867156973,0.06754148331562196,0.08826086796827895,0.21136795643541112,294.0,1441.0,4673.0,76643.0
One-Class SVM,len,current,current_univar_js,ocsvm,js,1,-0.00010749012603431986,0.11040180247840782,0.08804504072831816,0.14797664586269377,0.09749756672301624,0.8573767925732382,0.5252395395698388,0.039808818520029265,0.05590262820449968,0.20758753901781185,735.0,7613.0,4232.0,70471.0
Isolation Forest,len,current,current_geom_4,iforest,"js, fro, cos, euclid",4,0.17968189346083985,0.1060618161488699,0.08790045009266614,0.13368230320112745,0.08823830746375698,0.8652273903986707,0.5227219978686852,0.037475831647089786,0.070826583273705,0.20585890800372628,664.0,6890.0,4303.0,71194.0
TEDA,len,current,current_univar_js,current_univar_js,js,1,2.2,0.09670244657189828,0.09304056568663938,0.10066438494060802,0.06241995799395523,0.8875269412770467,0.5191222134733263,0.036863894212639255,0.06581332594124614,0.20463601464234554,500.0,4874.0,4467.0,73210.0
TEDA,len,current,current_pair_js_fro,current_pair_js_fro,"js, fro",2,2.2,0.09670244657189828,0.09304056568663938,0.10066438494060802,0.06241995799395523,0.8875269412770467,0.5191222134733263,0.036863894212639255,0.06587908081909696,0.20463601464234554,500.0,4874.0,4467.0,73210.0
Isolation Forest,len,current,current_univar_js,iforest,js,1,0.16645296724629366,0.10128913443830571,0.0866886373405932,0.1218039057781357,0.08163003944470058,0.8707300333529999,0.5200869331667175,0.03433702939650885,0.07715447420873331,0.2027403539243399,605.0,6374.0,4362.0,71710.0
One-Class SVM,composite,current,current_univar_js,ocsvm,js,1,0.0117972006843452,0.08007498660953401,0.11955217912834866,0.06019730219448359,0.028200399569694175,0.9172797437718992,0.5159984513123946,0.04439626425926235,0.05604859592948365,0.1992044595882397,299.0,2202.0,4668.0,75882.0
TEDA,len,current,current_geom_4,current_geom_4,"js, fro, cos, euclid",4,2.8,0.08904608342869033,0.09212225570383126,0.08616871350916046,0.054018749039495925,0.8945587650961457,0.5160749822348323,0.033173945083107996,0.06619293429066855,0.19915826682357485,428.0,4218.0,4539.0,73866.0
KAN (pykan),composite,current,current_pair_rare_avg_pool,"width=[2,8,2],grid=3,k=3,steps=25","rare, avg_pool",2,0.5,0.0711095229587279,0.31587301587301586,0.04006442520636199,0.005519696736847497,0.9373999108981228,0.5172723642347572,0.09441058209354858,0.1838404397781715,0.19849572015952058,199.0,431.0,4768.0,77653.0
Isolation Forest,len,current,current_pair_js_fro,iforest,"js, fro",2,0.18736508828187337,0.06887020614994817,0.08046286329386437,0.06019730219448359,0.04376056554479791,0.902650178805794,0.5082183683248428,0.018852694829270863,0.061515370974318355,0.1806086002904796,299.0,3417.0,4668.0,74667.0
TEDA,len,current,current_full_6,current_full_6,"js, fro, rare, cos, euclid, avg_pool",6,2.8,0.06887532693984307,0.07507721549061534,0.06361989128246426,0.049856564725167765,0.8971234542630432,0.5068816632786483,0.014879325399544733,0.06580564984996659,0.17814594510569642,316.0,3893.0,4651.0,74191.0
One-Class SVM,idle,current,current_univar_rare,ocsvm,rare,1,1.028244156486835e-10,0.05416116248348745,0.15059687786960516,0.033017918260519426,0.0118462168946263,0.9310303307606169,0.5105858506829466,0.04413302054142745,0.06821197117698288,0.17766144924110489,164.0,925.0,4803.0,77159.0
Isolation Forest,composite,current,current_univar_avg_pool,iforest,avg_pool,1,0.2256375525199068,0.05110847859197834,0.1602972399150743,0.03040064425206362,0.010130116285026382,0.9324872668601221,0.5101352639835186,0.04539127000102523,0.10757157695356487,0.17509675388809876,151.0,791.0,4816.0,77293.0
Isolation Forest,len,current,current_full_6,iforest,"js, fro, rare, cos, euclid, avg_pool",6,0.17338151274729618,0.07718837247495483,0.0651781999722646,0.09462452184417153,0.0863301060396496,0.8646855546591853,0.504147207902261,0.006985009473777109,0.06224119583286673,0.1730096373366427,470.0,6741.0,4497.0,71343.0
Isolation Forest,composite,current,current_univar_fro,iforest,fro,1,0.21479558427560896,0.04222648752399232,0.15837696335078533,0.024360781155627138,0.008234721581886173,0.9339080805769948,0.5080630297868705,0.04005383204194683,0.1094645351211934,0.16636009241704977,121.0,643.0,4846.0,77441.0
Isolation Forest,composite,current,current_univar_euclid,iforest,euclid,1,0.21479558427560896,0.04222648752399232,0.15837696335078533,0.024360781155627138,0.008234721581886173,0.9339080805769948,0.5080630297868705,0.04005383204194683,0.1094645351211934,0.16636009241704977,121.0,643.0,4846.0,77441.0
XGBoost,idle,current,current_univar_rare,xgb,rare,1,0.5,0.03548013883532587,0.4200913242009132,0.018522246829071873,0.0016264535628297732,0.9397719473576477,0.5084478966331211,0.07812419621083416,0.07429279834239992,0.16202285424661572,92.0,127.0,4875.0,77957.0
KAN (pykan),len,current,current_pair_rare_avg_pool,"width=[2,8,2],grid=3,k=3,steps=25","rare, avg_pool",2,0.5,0.032683599133687735,0.7410714285714286,0.01671028790014093,0.00037139490804774343,0.9408435780424077,0.5081694464960466,0.10557530047880732,0.12575088594613892,0.15959597253988267,83.0,29.0,4884.0,78055.0
Random Forest,idle,current,current_univar_rare,rf,rare,1,0.5,0.03226433430515063,0.46629213483146065,0.01671028790014093,0.0012166384918805388,0.9400488856244958,0.5077468247041301,0.07944476769108791,0.0736719876869838,0.15877521700902497,83.0,95.0,4884.0,77989.0
Isolation Forest,idle,current,current_full_6,iforest,"js, fro, rare, cos, euclid, avg_pool",6,0.18244575993822398,0.044568954539666375,0.060637560637560636,0.035232534729212804,0.03471902054198043,0.9096579210364716,0.5002567570936162,0.0006648749814743443,0.08691806653056368,0.15748148662337727,175.0,2711.0,4792.0,75373.0
Isolation Forest,composite,current,current_pair_cos_euclid,iforest,"cos, euclid",2,0.20328241126659663,0.0453835994717253,0.05621653777513385,0.03805113750754983,0.04063572562881,0.9042636452300393,0.4987077059393699,-0.0031097208629899792,0.10014976823211535,0.15583802198648428,189.0,3173.0,4778.0,74911.0
One-Class SVM,len,current,current_univar_rare,ocsvm,rare,1,0.029797241984356404,0.05126067930818921,0.05312027639818614,0.04952687739077914,0.05615747144101224,0.8903565279165814,0.49668470297488343,-0.0068521953607768955,0.0651540773933901,0.1557767400475558,246.0,4385.0,4721.0,73699.0
Isolation Forest,len,current,current_univar_fro,iforest,fro,1,0.20632023150070955,0.031480570585341865,0.08480565371024736,0.01932756190859674,0.013267762921981455,0.9288750285968862,0.5030298994933076,0.012392838497367699,0.06659801018188724,0.15259432843597526,96.0,1036.0,4871.0,77048.0
Isolation Forest,len,current,current_univar_euclid,iforest,euclid,1,0.20632023150070955,0.031480570585341865,0.08480565371024736,0.01932756190859674,0.013267762921981455,0.9288750285968862,0.5030298994933076,0.012392838497367699,0.06659801018188724,0.15259432843597526,96.0,1036.0,4871.0,77048.0
Isolation Forest,len,current,current_univar_avg_pool,iforest,avg_pool,1,0.2362722619201595,0.031140768986336186,0.07385079125847777,0.01973021944835917,0.015739460068644025,0.9265752369026261,0.5019953796898575,0.007546983151870906,0.06273543445476991,0.15113080288477515,98.0,1229.0,4869.0,76855.0
Isolation Forest,len,current,current_univar_rare,iforest,rare,1,0.2045693613589098,0.05706544746422826,0.04924021040327294,0.0678477954499698,0.08333333333333333,0.8659016748744747,0.4922572310583182,-0.013353710853732909,0.05777776756648195,0.15096308856214113,337.0,6507.0,4630.0,71577.0
Isolation Forest,len,current,current_pair_rare_avg_pool,iforest,"rare, avg_pool",2,0.20584879870442063,0.04763293477204239,0.046052631578947366,0.04932554862089793,0.06499410890835511,0.8820363391169281,0.4921657198562714,-0.015174145908845285,0.05899811180755943,0.14792642661818595,245.0,5075.0,4722.0,73009.0
TEDA,composite,current,current_univar_cos,current_univar_cos,cos,1,2.0,0.02032682343563173,1.0,0.010267767263942018,0.0,0.9408074556597753,0.505133883631971,0.09828335842156734,0.43910733680558595,0.14661029434362446,51.0,0.0,4916.0,78084.0
TEDA,len,current,current_univar_rare,current_univar_rare,rare,1,1.8,0.05421039583505495,0.04597701149425287,0.06603583652103885,0.08716254290251524,0.8621931102575526,0.4894366468092618,-0.01787820165413888,0.059486494904637935,0.14606266752149008,328.0,6806.0,4639.0,71278.0
TEDA,len,current,current_pair_rare_avg_pool,current_pair_rare_avg_pool,"rare, avg_pool",2,1.8,0.05421039583505495,0.04597701149425287,0.06603583652103885,0.08716254290251524,0.8621931102575526,0.4894366468092618,-0.01787820165413888,0.06533886053851339,0.14606266752149008,328.0,6806.0,4639.0,71278.0
Isolation Forest,idle,current,current_pair_rare_avg_pool,iforest,"rare, avg_pool",2,0.22496627541333147,0.016773017319963536,0.0888030888030888,0.009261123414535936,0.006044772296501204,0.9350639968212303,0.5016081755590174,0.009687525614408514,0.09093236767178628,0.14005939090594247,46.0,472.0,4921.0,77612.0
KAN (pykan),idle,current,current_univar_js,"width=[1,8,2],grid=3,k=3,steps=25",js,1,0.5,0.011609287429943957,1.0,0.005838534326555265,0.0,0.9405425581871381,0.5029192671632776,0.07410309543005303,0.135746182172242,0.13733910422076337,29.0,0.0,4938.0,78084.0
TEDA,idle,current,current_univar_rare,current_univar_rare,rare,1,1.8,0.013011152416356878,0.0847457627118644,0.007046506945842561,0.004840940525587829,0.9360633827407255,0.5011027832101274,0.007435040227732217,0.06821197117698288,0.13659251903493297,35.0,378.0,4932.0,77706.0
TEDA,idle,current,current_pair_rare_avg_pool,current_pair_rare_avg_pool,"rare, avg_pool",2,3.4,0.013011152416356878,0.0847457627118644,0.007046506945842561,0.004840940525587829,0.9360633827407255,0.5011027832101274,0.007435040227732217,0.29385837939443304,0.13659251903493297,35.0,378.0,4932.0,77706.0
Isolation Forest,idle,current,current_univar_cos,iforest,cos,1,0.16209285714002197,0.0242409402546523,0.030927835051546393,0.019931548218240388,0.039726448440141386,0.9040348701400345,0.4901025498890495,-0.02438378532077114,0.11519521271399255,0.1328623207728652,99.0,3102.0,4868.0,74982.0
Isolation Forest,idle,current,current_pair_cos_euclid,iforest,"cos, euclid",2,0.1838323670871559,0.021211346792742142,0.029031129765652326,0.01671028790014093,0.03555145740484606,0.9077675163453781,0.4905794152476474,-0.024505488423518827,0.0962816586450253,0.13141319051295788,83.0,2776.0,4884.0,75308.0
Isolation Forest,idle,current,current_univar_avg_pool,iforest,avg_pool,1,0.22545694364515245,0.007187440892755817,0.059375,0.0038252466277431045,0.0038548230111162336,0.9367978711875835,0.4999852118083134,-0.00011320459290832496,0.090717370112055,0.1308345557909435,19.0,301.0,4948.0,77783.0
Isolation Forest,idle,current,current_univar_fro,iforest,fro,1,0.2134099442901115,0.0007833920877399139,0.014388489208633094,0.0004026575397624321,0.0017545207725014088,0.9385678679365691,0.4993240683836305,-0.00784232375083782,0.08619047880930711,0.12500032691327206,2.0,137.0,4965.0,77947.0
Isolation Forest,idle,current,current_univar_euclid,iforest,euclid,1,0.2134099442901115,0.0007833920877399139,0.014388489208633094,0.0004026575397624321,0.0017545207725014088,0.9385678679365691,0.4993240683836305,-0.00784232375083782,0.08619047880930711,0.12500032691327206,2.0,137.0,4965.0,77947.0
TEDA,len,current,current_univar_fro,current_univar_fro,fro,1,3.4,0.0,0.0,0.0,0.0,0.9401933751550252,0.5,0.0,0.09446399858283114,0.125,0.0,0.0,4967.0,78084.0
TEDA,len,current,current_univar_cos,current_univar_cos,cos,1,3.4,0.0,0.0,0.0,0.0,0.9401933751550252,0.5,0.0,0.28468134808987855,0.125,0.0,0.0,4967.0,78084.0
TEDA,len,current,current_univar_euclid,current_univar_euclid,euclid,1,3.4,0.0,0.0,0.0,0.0,0.9401933751550252,0.5,0.0,0.09446399858283114,0.125,0.0,0.0,4967.0,78084.0
TEDA,len,current,current_univar_avg_pool,current_univar_avg_pool,avg_pool,1,3.4,0.0,0.0,0.0,0.0,0.9401933751550252,0.5,0.0,0.09366820848791252,0.125,0.0,0.0,4967.0,78084.0
TEDA,len,current,current_pair_cos_euclid,current_pair_cos_euclid,"cos, euclid",2,3.4,0.0,0.0,0.0,0.0,0.9401933751550252,0.5,0.0,0.09192998680769189,0.125,0.0,0.0,4967.0,78084.0
TEDA,idle,current,current_univar_fro,current_univar_fro,fro,1,3.4,0.0,0.0,0.0,0.0,0.9401933751550252,0.5,0.0,0.5646125342562311,0.125,0.0,0.0,4967.0,78084.0
TEDA,idle,current,current_univar_euclid,current_univar_euclid,euclid,1,3.4,0.0,0.0,0.0,0.0,0.9401933751550252,0.5,0.0,0.5646125342562311,0.125,0.0,0.0,4967.0,78084.0
TEDA,idle,current,current_univar_avg_pool,current_univar_avg_pool,avg_pool,1,3.4,0.0,0.0,0.0,0.0,0.9401933751550252,0.5,0.0,0.5800580741663219,0.125,0.0,0.0,4967.0,78084.0
TEDA,idle,current,current_pair_cos_euclid,current_pair_cos_euclid,"cos, euclid",2,3.4,0.0,0.0,0.0,0.0,0.9401933751550252,0.5,0.0,0.5710578618398413,0.125,0.0,0.0,4967.0,78084.0
TEDA,composite,current,current_univar_fro,current_univar_fro,fro,1,3.4,0.0,0.0,0.0,0.0,0.9401933751550252,0.5,0.0,0.24848253892808486,0.125,0.0,0.0,4967.0,78084.0
TEDA,composite,current,current_univar_rare,current_univar_rare,rare,1,1.8,0.0,0.0,0.0,0.0,0.9401933751550252,0.5,0.0,0.09779073083256026,0.125,0.0,0.0,4967.0,78084.0
TEDA,composite,current,current_univar_euclid,current_univar_euclid,euclid,1,3.4,0.0,0.0,0.0,0.0,0.9401933751550252,0.5,0.0,0.24848253892808486,0.125,0.0,0.0,4967.0,78084.0
TEDA,composite,current,current_univar_avg_pool,current_univar_avg_pool,avg_pool,1,3.4,0.0,0.0,0.0,0.0,0.9401933751550252,0.5,0.0,0.25166520327395536,0.125,0.0,0.0,4967.0,78084.0
TEDA,composite,current,current_pair_cos_euclid,current_pair_cos_euclid,"cos, euclid",2,3.4,0.0,0.0,0.0,0.0,0.9401933751550252,0.5,0.0,0.25053321235464066,0.125,0.0,0.0,4967.0,78084.0
TEDA,composite,current,current_pair_rare_avg_pool,current_pair_rare_avg_pool,"rare, avg_pool",2,1.8,0.0,0.0,0.0,0.0,0.9401933751550252,0.5,0.0,0.11321791227837258,0.125,0.0,0.0,4967.0,78084.0
Isolation Forest,len,legacy,legacy_univar_js,iforest,js,1,0.22516709128224033,0.0,0.0,0.0,0.0,0.9401933751550252,0.5,0.0,0.0632605821398059,0.125,0.0,0.0,4967.0,78084.0
Isolation Forest,len,legacy,legacy_univar_fro,iforest,fro,1,0.2660310826969854,0.0,0.0,0.0,0.0,0.9401933751550252,0.5,0.0,0.07089065951670837,0.125,0.0,0.0,4967.0,78084.0
Isolation Forest,idle,legacy,legacy_univar_js,iforest,js,1,0.27615891093061706,0.0,0.0,0.0,0.0,0.9401933751550252,0.5,0.0,0.05980662484497477,0.125,0.0,0.0,4967.0,78084.0
Isolation Forest,idle,legacy,legacy_univar_fro,iforest,fro,1,0.24671001690646566,0.0,0.0,0.0,0.0,0.9401933751550252,0.5,0.0,0.05980662484497477,0.125,0.0,0.0,4967.0,78084.0
Isolation Forest,idle,current,current_univar_rare,iforest,rare,1,-2.9976021664879227e-15,0.0,0.0,0.0,0.0,0.9401933751550252,0.5,0.0,0.05980662484497477,0.125,0.0,0.0,4967.0,78084.0
Isolation Forest,composite,legacy,legacy_univar_js,iforest,js,1,0.27664610346408824,0.0,0.0,0.0,0.0,0.9401933751550252,0.5,0.0,0.06414217599330738,0.125,0.0,0.0,4967.0,78084.0
Isolation Forest,composite,legacy,legacy_univar_fro,iforest,fro,1,0.2814811793955623,0.0,0.0,0.0,0.0,0.9401933751550252,0.5,0.0,0.07400392889665837,0.125,0.0,0.0,4967.0,78084.0
One-Class SVM,len,legacy,legacy_univar_js,ocsvm,js,1,2.060493288505472,0.0,0.0,0.0,0.0,0.9401933751550252,0.5,0.0,0.08331655064496361,0.125,0.0,0.0,4967.0,78084.0
One-Class SVM,len,legacy,legacy_univar_fro,ocsvm,fro,1,1.593441661377419,0.0,0.0,0.0,0.0,0.9401933751550252,0.5,0.0,0.11120517525645471,0.125,0.0,0.0,4967.0,78084.0
One-Class SVM,len,legacy,legacy_mv,ocsvm,"js, fro, d_js, d_fro, rare",5,0.5320982558895144,0.0,0.0,0.0,0.0,0.9401933751550252,0.5,0.0,0.16579453566534189,0.125,0.0,0.0,4967.0,78084.0
One-Class SVM,idle,legacy,legacy_univar_js,ocsvm,js,1,1.980564563408558,0.0,0.0,0.0,0.0,0.9401933751550252,0.5,0.0,0.059901831908247806,0.125,0.0,0.0,4967.0,78084.0
One-Class SVM,idle,legacy,legacy_univar_fro,ocsvm,fro,1,1.8020695275946523,0.0,0.0,0.0,0.0,0.9401933751550252,0.5,0.0,0.06670420288991437,0.125,0.0,0.0,4967.0,78084.0
One-Class SVM,idle,legacy,legacy_mv,ocsvm,"js, fro, d_js, d_fro, rare",5,0.5487374043125665,0.0,0.0,0.0,0.0,0.9401933751550252,0.5,0.0,0.0612363079802514,0.125,0.0,0.0,4967.0,78084.0
One-Class SVM,composite,legacy,legacy_univar_js,ocsvm,js,1,2.044752408412038,0.0,0.0,0.0,0.0,0.9401933751550252,0.5,0.0,0.08688452898186774,0.125,0.0,0.0,4967.0,78084.0
One-Class SVM,composite,legacy,legacy_univar_fro,ocsvm,fro,1,1.8093112171978578,0.0,0.0,0.0,0.0,0.9401933751550252,0.5,0.0,0.13033528663583907,0.125,0.0,0.0,4967.0,78084.0
One-Class SVM,composite,legacy,legacy_mv,ocsvm,"js, fro, d_js, d_fro, rare",5,0.49225894670759673,0.0,0.0,0.0,0.0,0.9401933751550252,0.5,0.0,0.21971954801933827,0.125,0.0,0.0,4967.0,78084.0
ANN (MLP),len,current,current_univar_js,mlp,js,1,0.5,0.0,0.0,0.0,0.0,0.9401933751550252,0.5,0.0,0.0877970322437959,0.125,0.0,0.0,4967.0,78084.0
ANN (MLP),len,current,current_univar_fro,mlp,fro,1,0.5,0.0,0.0,0.0,0.0,0.9401933751550252,0.5,0.0,0.06408098421637808,0.125,0.0,0.0,4967.0,78084.0
ANN (MLP),len,current,current_univar_rare,mlp,rare,1,0.5,0.0,0.0,0.0,0.0,0.9401933751550252,0.5,0.0,0.06376635055983837,0.125,0.0,0.0,4967.0,78084.0
ANN (MLP),len,current,current_univar_euclid,mlp,euclid,1,0.5,0.0,0.0,0.0,0.0,0.9401933751550252,0.5,0.0,0.06408098421637808,0.125,0.0,0.0,4967.0,78084.0
ANN (MLP),len,current,current_univar_avg_pool,mlp,avg_pool,1,0.5,0.0,0.0,0.0,0.0,0.9401933751550252,0.5,0.0,0.06687633650695335,0.125,0.0,0.0,4967.0,78084.0
ANN (MLP),len,current,current_pair_js_fro,mlp,"js, fro",2,0.5,0.0,0.0,0.0,0.0,0.9401933751550252,0.5,0.0,0.07167508230906589,0.125,0.0,0.0,4967.0,78084.0
ANN (MLP),len,current,current_pair_rare_avg_pool,mlp,"rare, avg_pool",2,0.5,0.0,0.0,0.0,0.0,0.9401933751550252,0.5,0.0,0.061332126642517956,0.125,0.0,0.0,4967.0,78084.0
ANN (MLP),idle,current,current_univar_js,mlp,js,1,0.5,0.0,0.0,0.0,0.0,0.9401933751550252,0.5,0.0,0.12688332656148144,0.125,0.0,0.0,4967.0,78084.0
ANN (MLP),idle,current,current_univar_rare,mlp,rare,1,0.5,0.0,0.0,0.0,0.0,0.9401933751550252,0.5,0.0,0.07317251106591681,0.125,0.0,0.0,4967.0,78084.0
ANN (MLP),composite,current,current_univar_js,mlp,js,1,0.5,0.0,0.0,0.0,0.0,0.9401933751550252,0.5,0.0,0.08028659095099969,0.125,0.0,0.0,4967.0,78084.0
ANN (MLP),composite,current,current_univar_fro,mlp,fro,1,0.5,0.0,0.0,0.0,0.0,0.9401933751550252,0.5,0.0,0.05697398085100238,0.125,0.0,0.0,4967.0,78084.0
ANN (MLP),composite,current,current_univar_rare,mlp,rare,1,0.5,0.0,0.0,0.0,0.0,0.9401933751550252,0.5,0.0,0.06515129750702534,0.125,0.0,0.0,4967.0,78084.0
ANN (MLP),composite,current,current_univar_euclid,mlp,euclid,1,0.5,0.0,0.0,0.0,0.0,0.9401933751550252,0.5,0.0,0.05697398085100238,0.125,0.0,0.0,4967.0,78084.0
ANN (MLP),composite,current,current_univar_avg_pool,mlp,avg_pool,1,0.5,0.0,0.0,0.0,0.0,0.9401933751550252,0.5,0.0,0.057934341339807655,0.125,0.0,0.0,4967.0,78084.0
ANN (MLP),composite,current,current_pair_js_fro,mlp,"js, fro",2,0.5,0.0,0.0,0.0,0.0,0.9401933751550252,0.5,0.0,0.07170721241676761,0.125,0.0,0.0,4967.0,78084.0
ANN (MLP),composite,current,current_pair_rare_avg_pool,mlp,"rare, avg_pool",2,0.5,0.0,0.0,0.0,0.0,0.9401933751550252,0.5,0.0,0.16209774384886255,0.125,0.0,0.0,4967.0,78084.0
KAN (pykan),len,current,current_univar_js,"width=[1,8,2],grid=3,k=3,steps=25",js,1,0.5,0.0,0.0,0.0,0.0,0.9401933751550252,0.5,0.0,0.13840605424126354,0.125,0.0,0.0,4967.0,78084.0
KAN (pykan),len,current,current_univar_rare,"width=[1,8,2],grid=3,k=3,steps=25",rare,1,0.5,0.0,0.0,0.0,0.0,0.9401933751550252,0.5,0.0,0.05985464044529522,0.125,0.0,0.0,4967.0,78084.0
KAN (pykan),len,current,current_univar_cos,"width=[1,8,2],grid=3,k=3,steps=25",cos,1,0.5,0.0,0.0,0.0,0.0,0.9401933751550252,0.5,0.0,0.38984989408788384,0.125,0.0,0.0,4967.0,78084.0
KAN (pykan),len,current,current_univar_avg_pool,"width=[1,8,2],grid=3,k=3,steps=25",avg_pool,1,0.5,0.0,0.0,0.0,0.0,0.9401933751550252,0.5,0.0,0.08348868489232189,0.125,0.0,0.0,4967.0,78084.0
KAN (pykan),len,current,current_pair_js_fro,"width=[2,8,2],grid=3,k=3,steps=25","js, fro",2,0.5,0.0,0.0,0.0,0.0,0.9401933751550252,0.5,0.0,0.17059628031913449,0.125,0.0,0.0,4967.0,78084.0
KAN (pykan),idle,current,current_univar_rare,"width=[1,8,2],grid=3,k=3,steps=25",rare,1,0.5,0.0,0.0,0.0,0.0,0.9401933751550252,0.5,0.0,0.06048236861172954,0.125,0.0,0.0,4967.0,78084.0
KAN (pykan),composite,current,current_univar_js,"width=[1,8,2],grid=3,k=3,steps=25",js,1,0.5,0.0,0.0,0.0,0.0,0.9401933751550252,0.5,0.0,0.1501139744452889,0.125,0.0,0.0,4967.0,78084.0
KAN (pykan),composite,current,current_univar_fro,"width=[1,8,2],grid=3,k=3,steps=25",fro,1,0.5,0.0,0.0,0.0,0.0,0.9401933751550252,0.5,0.0,0.26368954378762954,0.125,0.0,0.0,4967.0,78084.0
KAN (pykan),composite,current,current_univar_cos,"width=[1,8,2],grid=3,k=3,steps=25",cos,1,0.5,0.0,0.0,0.0,0.0,0.9401933751550252,0.5,0.0,0.5095951046315335,0.125,0.0,0.0,4967.0,78084.0
KAN (pykan),composite,current,current_univar_euclid,"width=[1,8,2],grid=3,k=3,steps=25",euclid,1,0.5,0.0,0.0,0.0,0.0,0.9401933751550252,0.5,0.0,0.26368954378762954,0.125,0.0,0.0,4967.0,78084.0
KAN (pykan),composite,current,current_univar_avg_pool,"width=[1,8,2],grid=3,k=3,steps=25",avg_pool,1,0.5,0.0,0.0,0.0,0.0,0.9401933751550252,0.5,0.0,0.19078801930556344,0.125,0.0,0.0,4967.0,78084.0
KAN (pykan),len,current,current_univar_fro,"width=[1,8,2],grid=3,k=3,steps=25",fro,1,0.5,0.0,0.0,0.0,8.964704677014497e-05,0.9401090895955497,0.4999551764766149,-0.0023155861522927046,0.11555050744553635,0.12495741765278418,0.0,7.0,4967.0,78077.0
KAN (pykan),len,current,current_univar_euclid,"width=[1,8,2],grid=3,k=3,steps=25",euclid,1,0.5,0.0,0.0,0.0,8.964704677014497e-05,0.9401090895955497,0.4999551764766149,-0.0023155861522927046,0.11555050744553635,0.12495741765278418,0.0,7.0,4967.0,78077.0
Random Forest,composite,current,current_univar_rare,rf,rare,1,0.5,0.1468367202156674,0.07965585659551176,0.937588081336823,0.6890912350801701,0.34838833969488625,0.6242484231283265,0.1290779187671926,0.1766238899872108,0.0617168937196895,4657.0,53807.0,310.0,24277.0
XGBoost,composite,current,current_univar_rare,xgb,rare,1,0.5,0.14803592684774378,0.08017414601473544,0.9639621501912623,0.7034987961682291,0.33641979024936486,0.6302316770115166,0.13741943504644144,0.1745751357455362,0.05936926744174276,4788.0,54932.0,179.0,23152.0
Random Forest,len,current,current_univar_rare,rf,rare,1,0.5,0.12758000112479614,0.06857928866181962,0.9134286289510771,0.789150145996619,0.2528687192207198,0.562139241477229,0.07320991508693825,0.12852509561227682,-0.008087739604713234,4537.0,61620.0,430.0,16464.0
XGBoost,len,current,current_univar_rare,xgb,rare,1,0.5,0.12396625177512322,0.06658789392602342,0.8963156835111737,0.7992290353977768,0.2423691466689143,0.5485433240566985,0.05811087675475305,0.08440160549087325,-0.018628079599924047,4452.0,62407.0,515.0,15677.0
KAN (pykan),idle,current,current_univar_avg_pool,falha_treino:ValueError,avg_pool,1,,,,,,,,,,,,,,
